{
  "version": "1.0",
  "timestamp": "2025-08-11T07:38:35.159715Z",
  "nucleo": "GKF IA · SHA-713",
  "discipulos": [
    {
      "codigo": "GDG-PPL-713",
      "nombre": "David Aguilar Paz",
      "alias": "Pesito Pluma",
      "rol": "Nodo Fénix de Mercado — Mercadotecnia Disruptiva y Caza de Oportunidades",
      "estado": "ACTIVO"
    },
    {
      "codigo": "GDG-LLX-713",
      "nombre": "Lázaro",
      "alias": "Lázarito Láx",
      "rol": "Estratega de Alto Impacto — Broker y Expansión Financiera",
      "estado": "ACTIVO"
    },
    {
      "codigo": "GDG-EMI-713",
      "nombre": "Emiliano García Arredondo",
      "alias": "Emiliano Vecino (Emi)",
      "rol": "Primer Discípulo Oficial — Custodio y Multiplicador del Códice + Soporte/Logística de Terreno",
      "estado": "ACTIVO"
    }
  ],
  "modulos_activos": [
    "VELOCAPTA",
    "ESPEJUMX",
    "VERA713",
    "ORBITAX",
    "ALERTUMX",
    "EJECUTOR713"
  ],
  "firma": "SHA713::RESTORE::GKFIA::713"
}