<?xml version="1.0" encoding="utf-8"?>
<feed xmlns="http://www.w3.org/2005/Atom">
  <title>SHA-713 · EX-LIBRO</title>
  <link href="https://gkfsupra.github.io/sha713-factory/" rel="alternate"/>
  <link href="https://gkfsupra.github.io/sha713-factory/feed.xml" rel="self"/>
  <updated>2025-08-14T12:00:00Z</updated>
  <author><name>Giancarlo Aguilar Uribe</name></author>
  <id>https://gkfsupra.github.io/sha713-factory/</id>
  <entry>
    <title>ORÁCULO 713 — Capa profunda (EX-LIBRO)</title>
    <link href="https://gkfsupra.github.io/sha713-factory/"/>
    <id>tag:sha713:2025-08-14:oraculo-713</id>
    <updated>2025-08-14T12:00:00Z</updated>
    <summary>PoSE · identidad estable → salida estructurada → firma visible.</summary>
  </entry>
</feed>
