metric_key,p10,p90,direction
adoption.orgs_active_m,10.0,100.0,higher_is_better
adoption.integrations_new_t,2.0,20.0,higher_is_better
adoption.dau_mau,0.1,0.5,higher_is_better
adoption.marketplace_installs,10.0,200.0,higher_is_better
adoption.partners_tier1,1.0,10.0,higher_is_better
adoption.rfps_requiring,0.0,5.0,higher_is_better
adoption.ttv_hours_median,24.0,2.0,lower_is_better
impact.unit_cost_savings_pct,0.05,0.4,higher_is_better
impact.p95_improvement_pct,0.05,0.4,higher_is_better
impact.qps_per_dollar_improvement_pct,0.05,0.4,higher_is_better
impact.incidents_per_1k_req,2.0,0.2,lower_is_better
impact.nrr_pct,1.0,1.3,higher_is_better
impact.case_studies_tier1,0.0,5.0,higher_is_better
impact.standardization_refs,0.0,3.0,higher_is_better
