{
  "version": "0.2-base",
  "units": "siat",
  "soulbound": true,
  "decay": {
    "half_life_days": 180
  },
  "events": {
    "create_codex": {
      "base": 100,
      "multipliers": {
        "unique_verifications": 0.2,
        "permanence": 24
      }
    },
    "validate_codex": {
      "base": 20,
      "multipliers": {
        "unique_verifications": 0.1
      }
    },
    "replicate_codex": {
      "base": 30,
      "multipliers": {
        "permanence": 12
      }
    },
    "cite_codex": {
      "base": 10,
      "multipliers": {
        "citations": 0.5
      }
    },
    "host_qr": {
      "base": 8,
      "multipliers": {
        "impressions": 0.01
      }
    },
    "build_tooling": {
      "base": 120,
      "multipliers": {
        "adoptions": 2.0
      }
    },
    "pilot_launch": {
      "base": 200,
      "multipliers": {
        "participants": 1.5
      }
    },
    "alliance_signed": {
      "base": 300,
      "multipliers": {
        "org_size": 0.2
      }
    }
  },
  "constraints": {
    "daily_cap_by_actor": 800
  },
  "verification": {
    "chain": [
      "H0",
      "H1",
      "H2"
    ]
  }
}