{
  "schemaVersion": "1.0",
  "common": {
    "timestamp": "ISO-8601",
    "event_id": "uuid",
    "org_id": "string",
    "user_id": "string?",
    "session_id": "string?",
    "runtime": "python|node|go|java|...",
    "region": "string?",
    "cloud": "aws|gcp|azure|edge|onprem?",
    "product_id": "string?",
    "sdk_version": "semver?"
  },
  "events": {
    "install": {
      "required": [
        "timestamp",
        "event_id",
        "org_id"
      ],
      "properties": {
        "source": "marketplace|manual|partner",
        "plan": "free|pro|enterprise",
        "partner_id": "string?"
      }
    },
    "init": {
      "required": [
        "timestamp",
        "event_id",
        "org_id",
        "runtime"
      ],
      "properties": {
        "version": "semver",
        "config_hash": "sha256",
        "feature_flags": "string[]"
      }
    },
    "first_success": {
      "required": [
        "timestamp",
        "event_id",
        "org_id"
      ],
      "properties": {
        "flow_id": "string",
        "time_to_value_sec": "number",
        "scenario": "string"
      }
    },
    "api_call": {
      "required": [
        "timestamp",
        "event_id",
        "org_id"
      ],
      "properties": {
        "endpoint": "string",
        "latency_ms": "number",
        "cost_usd_per_op": "number?",
        "energy_j": "number?",
        "success": "bool",
        "error_code": "string?"
      }
    },
    "error": {
      "required": [
        "timestamp",
        "event_id",
        "org_id"
      ],
      "properties": {
        "error_code": "string",
        "severity": "P1|P2|P3|P4",
        "message": "string?",
        "endpoint": "string?"
      }
    },
    "version": {
      "required": [
        "timestamp",
        "event_id",
        "org_id"
      ],
      "properties": {
        "version": "semver",
        "breaking": "bool",
        "changelog_url": "string?"
      }
    },
    "upgrade": {
      "required": [
        "timestamp",
        "event_id",
        "org_id"
      ],
      "properties": {
        "from_version": "semver",
        "to_version": "semver"
      }
    },
    "deprecation_hit": {
      "required": [
        "timestamp",
        "event_id",
        "org_id"
      ],
      "properties": {
        "version": "semver",
        "endpoint": "string",
        "deadline": "ISO-8601"
      }
    }
  }
}