{
  "generated_at_utc": "2025-09-02T17:24:27Z",
  "files": [
    {
      "path": "README.md",
      "sha256": "9c876ae5733ba5bdf89a60aac67dbd3843d27fdef48b11204d6b24ab1d92f252",
      "bytes": 2103
    },
    {
      "path": "metrics.yaml",
      "sha256": "f212a917985c662115b25d6c5d84ed9174035b7fff7132237e4bf9e1c900ad84",
      "bytes": 4324
    },
    {
      "path": "events.json",
      "sha256": "36fcb3fc924732ffbd531e6bf1122bc3372fcfee711ec69a087c0b60dfd7cb2c",
      "bytes": 2400
    },
    {
      "path": "warehouse.sql",
      "sha256": "cf50f95ffbfa19265f6ab1dcb77e5827b40bb36fc7de114ce864cbe776deb44e",
      "bytes": 2089
    },
    {
      "path": "metrics.sql",
      "sha256": "a832ad5f4b265db0e52516dbd7518dc2185d10eef826cf2b48d54f114df29bcd",
      "bytes": 2808
    },
    {
      "path": "ia_pi.py",
      "sha256": "0bbb6a957b73a0032cd43af46de5c95101d0809acc48db84a60aa4b9feab8ca0",
      "bytes": 2814
    },
    {
      "path": "dashboard_spec.md",
      "sha256": "a7f1679d74495a06af3aafaa11cb347b0f51cbe73f1f754f9c0c130a4db9a1bf",
      "bytes": 1065
    },
    {
      "path": "governance.md",
      "sha256": "d52cef4ccdcf0bb83fb5149fc2a22908ea0027f75bf281412bcf931f0460f69e",
      "bytes": 790
    },
    {
      "path": "templates/telemetry.sample.csv",
      "sha256": "423ea56abc3cf1d13e70da7b05196977f5b507dcbd7e056923555b069fad9c91",
      "bytes": 286
    },
    {
      "path": "templates/requests.sample.csv",
      "sha256": "2aaeeaf31afd05eecf81d498d93a5298cbc45414c6e6b93ae24dbff0e898df6e",
      "bytes": 66
    },
    {
      "path": "templates/billing.sample.csv",
      "sha256": "ac2be4a8dea1fd718e8c94cd9354f8ab3c90a958b6c4d7e5ddc181c581ddd978",
      "bytes": 106
    },
    {
      "path": "templates/apm.sample.csv",
      "sha256": "7bd078be424e3a6a9ff8eb92aeedf5e0864387695de4b822ba17600f8d346f9a",
      "bytes": 131
    },
    {
      "path": "templates/partners.sample.csv",
      "sha256": "fca434aac63ee76a27a41abc982d9ebe3519fb6090414f1af3fe1760d9c68949",
      "bytes": 80
    },
    {
      "path": "templates/rfp.sample.csv",
      "sha256": "91cd270fa1b65019f7552b54e825bab4e562c54f140ba660ee1353883f3e80a3",
      "bytes": 79
    },
    {
      "path": "templates/cases.sample.csv",
      "sha256": "34f76cace085ef292d55849445675400ab6ed8e967fa00c82ddc00055a2f632a",
      "bytes": 87
    },
    {
      "path": "templates/revenue.sample.csv",
      "sha256": "fc5789a6f1081c31d551062867c391f6642350e12965c0271b777830c20f4649",
      "bytes": 114
    },
    {
      "path": "templates/metrics_aggregated.sample.csv",
      "sha256": "c10ea121dde9c2ef4fc9a9196897db5e206999485734ffdf35545cb0c178ad4b",
      "bytes": 445
    },
    {
      "path": "templates/metrics_targets.sample.csv",
      "sha256": "68146e229521be8b02e4e8c629fc8c54148d289407b6c3396789b4a6b0e891fb",
      "bytes": 752
    }
  ]
}