{
  "schema": "siat.rules.ext/0.2",
  "multipliers": {
    "kronos_epoch": 0.15,
    "kairos_window": 0.8,
    "silence_dividend": 1.2
  },
  "overlay": {
    "create_codex": {
      "multipliers": {
        "kronos_epoch": 0.15,
        "kairos_window": 1.0
      }
    },
    "replicate_codex": {
      "multipliers": {
        "silence_dividend": 1.2
      }
    },
    "cite_codex": {
      "multipliers": {
        "silence_dividend": 0.6,
        "kairos_window": 0.4
      }
    },
    "host_qr": {
      "multipliers": {
        "silence_dividend": 0.8
      }
    },
    "build_tooling": {
      "multipliers": {
        "kairos_window": 1.4
      }
    }
  }
}