{
  "schema": "MANIFEST-713",
  "epoch": 1756414404,
  "utc": "2025-08-28T20:53:24Z",
  "files": [
    {
      "path": "index.html",
      "sha256": "972507e8492057a6a3ddab2d209344661409e4c10c8d72885ab9094943974b39"
    },
    {
      "path": "robots.txt",
      "sha256": "88316e9923a8aac0da63fedd15ad1367a7ed6b9bbea4724e96c57ed1d66198c5"
    },
    {
      "path": "sitemap.xml",
      "sha256": "28eed708859716671ef7e395b28e314fe39ec3e9364be42c8d17f9f16f29cebd"
    },
    {
      "path": "LICENSE_Covenant_713.txt",
      "sha256": "625795d3f565a1134545a450620bf6e14614014c66d19395f6d06eda3f8387fd"
    },
    {
      "path": "README.md",
      "sha256": "434a512dcaf713303e867117d08d61f1545762e4b375ffe61317b7a929bc0f7b"
    },
    {
      "path": "qr/origin_qr.png",
      "sha256": "1c13c78efb78f6b04e8316729f71a5f3a5dc63af617277b19dfcf261866a027d"
    },
    {
      "path": "metadata/jsonld_seed_713.json",
      "sha256": "f56381ecaf49e4cd47529d3a51b3cac16eaaf6af91470eda425fd10491ca9342"
    },
    {
      "path": "metadata/dns_txt_record.txt",
      "sha256": "fc88981adbc0f5cb20c6a187f44bc6d0738548ce7d917169bf564880ea2bfb8a"
    },
    {
      "path": "onepager/GKF_OnePager_Curador_713.html",
      "sha256": "db71b2a0d6213911a3d70517291f6bf58a37f16507cc40075dae47a274398b82"
    }
  ]
}