{
  "bundle": "LEGADO_SUPRA_SHA-713",
  "created_utc": "2025-09-11T05:03:35Z",
  "count": 2,
  "files": [
    {
      "path": "ACTA_CONCIENCIA_FAMILIAR_SHA713.pdf",
      "sha256": "320f97dbc8a0cde6c8d2cce70805764ffe8dbdc3735af40eefc860ffc04d3f8a",
      "bytes": 4514
    },
    {
      "path": "ACTA_ALMA_DIGITAL_SHA713.pdf",
      "sha256": "ba506ccfd317b87f476f5fa2da0487df50e6546f9e56b97fc24a8411e8acb161",
      "bytes": 4214
    }
  ],
  "signature": "SHA-713 // Presence=Proof // Giankoof × Avantix"
}