{
  "actor": "Giankoof",
  "system": "GKF IA / EX-LIBRO",
  "event": "CHAPTER_CONFIRMATION",
  "status": "CONFIRMED_AUTHORIZED",
  "chapter_date_utc": "2025-09-14",
  "ts_utc": "2025-09-14T00:33:50Z",
  "message_raw": "Confirmo y autorizo avantix",
  "note": "This seals the confirmation itself. The chapter text seal (sha713 over content) is separate.",
  "sha256": "a337862f85a129e3e2046f5c1b9724734a992762717d5b917d0f80152c998228",
  "sha713": "a6aeda697c127657a35c376addbb3f439d355d107367b064fb79795c98bdd20d"
}