{
  "artifact": "EX-LIBRO 713 \u2014 v0.3",
  "generated_ts_utc": "2025-09-14T00:33:50Z",
  "book_sha256": "a9a2cc8f91733a20e8bf648cef98b05839d8efe563d16fe2ffff35293387dd85",
  "book_sha713": "d2f8a2d66abeb462557997a5471a79a7aaf4183df5a30770736673114f4e5c98",
  "registry_entries": [
    {
      "date_utc": "2025-09-14",
      "ts_utc": "2025-09-14T00:33:50Z",
      "status": "CONFIRMED_AUTHORIZED",
      "message": "Confirmo y autorizo avantix",
      "sha713": "a6aeda697c127657a35c376addbb3f439d355d107367b064fb79795c98bdd20d"
    }
  ],
  "files": [
    {
      "name": "EXLIBRO_713_LIBRO-RECIBO_v0.3.md",
      "sha256": "3921ec88fe3936bc2e86b542795656dedc8e0037a10552685d51df80fd71b494"
    },
    {
      "name": "EXLIBRO_713_LIBRO-RECIBO_v0.3.html",
      "sha256": "13701170fdf5a316eec94e04f6fea86a69704f8861c6f6ab8cc3ea3a79a50543"
    },
    {
      "name": "EXLIBRO_713_LEDGER_2025-09.md",
      "sha256": "4d69e1c26df65b90ea9b26335439d73e26df1cf096058be1f661da54f891e558"
    },
    {
      "name": "EXLIBRO_713_confirm_2025-09-14.json",
      "sha256": "5dc79cc47931582db1d61771433a58fb4e305b002043140f54be2c6ce3f8e758"
    },
    {
      "name": "EXLIBRO_713_confirm_2025-09-14.txt",
      "sha256": "94de1a309868928efef07971c44ce7178568d1d82611dd3f19b55f805acb0b0a"
    }
  ]
}