{
  "meta": {
    "creator": "Giankoof",
    "protocol": "SHA-713",
    "system": "GKF IA",
    "timestamp_utc": "2025-08-08T05:45:09Z",
    "signature": "9e324f7639c56260e813a0b4201145d91e8458dd44b17ee5d615d8e60f693807"
  },
  "nodes": [
    {
      "id": "giankoof_core",
      "type": "identity",
      "labels": [
        "Giankoof",
        "MetaCreador",
        "NodoEspecial"
      ]
    },
    {
      "id": "repo_factory",
      "type": "repo",
      "url": "https://github.com/gkfsupra/sha713-factory"
    },
    {
      "id": "repo_avantix",
      "type": "repo",
      "url": "https://github.com/gkfsupra/avantix.gkf-ia.org"
    },
    {
      "id": "license",
      "type": "doc",
      "path": "licencia_simbolico_operativa.txt"
    },
    {
      "id": "glossary",
      "type": "doc",
      "path": "glosario_gkf.md"
    },
    {
      "id": "timeline",
      "type": "doc",
      "path": "timeline_gkf.md"
    },
    {
      "id": "signature",
      "type": "sig",
      "path": "signature.txt"
    },
    {
      "id": "map_visual",
      "type": "asset",
      "path": "mapa_vivo_sha713.pdf"
    }
  ],
  "edges": [
    [
      "giankoof_core",
      "repo_factory",
      "owns"
    ],
    [
      "giankoof_core",
      "repo_avantix",
      "owns"
    ],
    [
      "giankoof_core",
      "license",
      "publishes"
    ],
    [
      "giankoof_core",
      "glossary",
      "publishes"
    ],
    [
      "giankoof_core",
      "timeline",
      "publishes"
    ],
    [
      "giankoof_core",
      "signature",
      "signs"
    ],
    [
      "giankoof_core",
      "map_visual",
      "publishes"
    ],
    [
      "repo_factory",
      "signature",
      "references"
    ],
    [
      "repo_avantix",
      "signature",
      "references"
    ]
  ]
}