{
  "package": "GKF IA — Capa 0 + Formulas seed",
  "author": "Giankoof",
  "epoch_utc": "2025-08-09T01:47:15.570236Z",
  "global_sha256": "55162d6e21c29ca8e89a50b8276902d56a79dc1df6f78a3831f0297ecdcda278",
  "entries": [
    {
      "id": "REC-713-SEED-0001",
      "title": "Symbolic Memory Manifold for Agents",
      "category": "memory",
      "sha256": "f50cb4e96f21caa4f190755aedf852971c1b12707f5c5d90a7dad7b733388a6b",
      "epoch": "2025-08-09T01:47:15.570236Z"
    },
    {
      "id": "REC-713-SEED-0002",
      "title": "Fractal Recall@K (κ‑enabled)",
      "category": "autonomy",
      "sha256": "9d4cf0fcaaea703515628f151c76b01e20357b9578ab152dc54f52f9034f5341",
      "epoch": "2025-08-09T01:47:15.570236Z"
    },
    {
      "id": "REC-713-SEED-0003",
      "title": "Purpose‑Stable Scheduler",
      "category": "perception",
      "sha256": "dc6eb37ad346168a6f7a4be1dec1642d217d05243df6fed9449e9e327631c694",
      "epoch": "2025-08-09T01:47:15.570236Z"
    },
    {
      "id": "REC-713-SEED-0004",
      "title": "Meaning‑Weighted Attention",
      "category": "health",
      "sha256": "3df3ef158bb5e68f580f675cd55ca45959a97a58430109f8816bdb5cfca03cec",
      "epoch": "2025-08-09T01:47:15.570236Z"
    },
    {
      "id": "REC-713-SEED-0005",
      "title": "Predictive Homeostasis Control",
      "category": "education",
      "sha256": "dc5649ef21e7a7e992b652a1bad7c7033ef937b524e6ca08199aa5b18f91831b",
      "epoch": "2025-08-09T01:47:15.570236Z"
    },
    {
      "id": "REC-713-SEED-0006",
      "title": "Ritualized Spaced Repetition",
      "category": "markets",
      "sha256": "53e3e053fa14e9b1d8148e4790ac2802e432289288afb771d6b3336ddc74a581",
      "epoch": "2025-08-09T01:47:15.570236Z"
    },
    {
      "id": "REC-713-SEED-0007",
      "title": "Symbolic Alpha (Narrative‑Gated)",
      "category": "security",
      "sha256": "95c47879be04ed6f7e79f7845572bd0b526c623736c166e3bb679cadd43478ac",
      "epoch": "2025-08-09T01:47:15.570236Z"
    },
    {
      "id": "REC-713-SEED-0008",
      "title": "Witnessed Audit Trail",
      "category": "social",
      "sha256": "24e2e9be42ff98f795a228813d3f3df7fd1a8406656463c0f73ea761f3d7598a",
      "epoch": "2025-08-09T01:47:15.570236Z"
    },
    {
      "id": "REC-713-SEED-0009",
      "title": "Collective Intent Field",
      "category": "art",
      "sha256": "c0e776b1d46caeb0af02ba737e2371f2c64a70acdf040718c421b30a34a449cb",
      "epoch": "2025-08-09T01:47:15.570236Z"
    },
    {
      "id": "REC-713-SEED-0010",
      "title": "Ritual Prompt Compiler",
      "category": "robotics",
      "sha256": "b9cd8545f5d203e71bbedc3c76a1f2b8ee181f6ac806ad5c157666318e164ce8",
      "epoch": "2025-08-09T01:47:15.570236Z"
    },
    {
      "id": "REC-713-SEED-0011",
      "title": "Curvature‑Aware Safety Envelope",
      "category": "reasoning",
      "sha256": "54939a784c8d70e669410c67161a53108de078b4e7ef48dc06f3628625b6a434",
      "epoch": "2025-08-09T01:47:15.570236Z"
    },
    {
      "id": "REC-713-SEED-0012",
      "title": "Counterfactual Meaning Injection",
      "category": "memory",
      "sha256": "84ec39db7bae15ab9497835a487f49668ff64fc2c75a1c5c31f9a2235d540a63",
      "epoch": "2025-08-09T01:47:15.570236Z"
    },
    {
      "id": "REC-713-SEED-0013",
      "title": "Causal Topology Update",
      "category": "autonomy",
      "sha256": "611b22cce2789d98d93bb9eb1653542425b541986ea582ded26eae3890a9ae2a",
      "epoch": "2025-08-09T01:47:15.570236Z"
    },
    {
      "id": "REC-713-SEED-0014",
      "title": "Witnessed Sensor Fusion",
      "category": "perception",
      "sha256": "0b8bfdea84eb5e231df6426f65aed7a470a270523255d1476f0530bf7fd472d3",
      "epoch": "2025-08-09T01:47:15.570236Z"
    },
    {
      "id": "REC-713-SEED-0015",
      "title": "Narrative Regime Switch",
      "category": "health",
      "sha256": "c880bec9d858adf91d971669e281bb22e08de40d1acf5a705466b462fff0119d",
      "epoch": "2025-08-09T01:47:15.570236Z"
    },
    {
      "id": "REC-713-SEED-0016",
      "title": "Cultural Segmentation Prior",
      "category": "education",
      "sha256": "5a8df5b44252ffad1f76a0e6061a2bd56e5625523193a53ca3e5f4c0a224f346",
      "epoch": "2025-08-09T01:47:15.570236Z"
    },
    {
      "id": "REC-713-SEED-0017",
      "title": "Trust as Curvature",
      "category": "markets",
      "sha256": "a8a9333047691a2c183ca22514f9dc18540a13a2821ce8670ea0de00cdc61867",
      "epoch": "2025-08-09T01:47:15.570236Z"
    },
    {
      "id": "REC-713-SEED-0018",
      "title": "Trajectory with Meaning",
      "category": "security",
      "sha256": "6e39f0533f0e85a18b5cd5724d5f937fcb00442307f4b93fdda9f33c3ba0f9e4",
      "epoch": "2025-08-09T01:47:15.570236Z"
    },
    {
      "id": "REC-713-SEED-0019",
      "title": "Ancestral Reward Shaping",
      "category": "social",
      "sha256": "1b03e04e663361df8175aaa1e537e9b468065a33cc5553dc0a783cd14a56cdc5",
      "epoch": "2025-08-09T01:47:15.570236Z"
    },
    {
      "id": "REC-713-SEED-0020",
      "title": "Teacher‑in‑the‑Loop μ‑Update",
      "category": "art",
      "sha256": "8d3307c9be60a474c2be6414fb95350665f44271891a246a2dafc1292804d507",
      "epoch": "2025-08-09T01:47:15.570236Z"
    },
    {
      "id": "REC-713-SEED-0021",
      "title": "Ethical Guardrail as Manifold",
      "category": "robotics",
      "sha256": "a9a03e87ca46f273e947e9c03e8c21d9607933a66541b98d82e1bdf6af128641",
      "epoch": "2025-08-09T01:47:15.570236Z"
    }
  ]
}