{
  "siat_version": "0.1-draft",
  "handle": "giankoof",
  "display_name": "Giankoof | GKF IA™",
  "did": "did:siat:85d3cded06f03a3bcec66f7f5db2cebc",
  "links": {
    "linkedin": "",
    "github": "https://github.com/gkfsupra",
    "website": ""
  },
  "proofs": [],
  "resonance_channels": [
    "LinkedIn",
    "GitHub",
    "Arweave",
    "Pages"
  ],
  "skills": [
    "Symbolic AI",
    "Protocol Design",
    "Tactical Systems"
  ],
  "wallets": {
    "arweave": "",
    "ethereum": ""
  }
}