{
  "version": "0.1-draft",
  "units": "siat",
  "soulbound": true,
  "events": {
    "create_codex": {
      "base": 100,
      "multipliers": {
        "unique_verifications": 0.2,
        "permanence": 25,
        "citations": 1.0
      }
    },
    "validate_codex": {
      "base": 20,
      "multipliers": {
        "unique_verifications": 0.1
      }
    },
    "replicate_codex": {
      "base": 30,
      "multipliers": {
        "permanence": 15
      }
    },
    "cite_codex": {
      "base": 10,
      "multipliers": {
        "citations": 0.5
      }
    },
    "host_qr": {
      "base": 8,
      "multipliers": {
        "impressions": 0.01
      }
    },
    "build_tooling": {
      "base": 120,
      "multipliers": {
        "adoptions": 2.0
      }
    },
    "pilot_launch": {
      "base": 200,
      "multipliers": {
        "participants": 1.5
      }
    },
    "alliance_signed": {
      "base": 300,
      "multipliers": {
        "org_size": 0.2
      }
    }
  },
  "proof_requirements": {
    "sha713_token": true,
    "uri_required": true,
    "optional_content_hash": true
  }
}