{
  "title": "META × OPENAI SEAL 2025",
  "author": "Giancarlo Aguilar Uribe (Giankoof)",
  "protocol": "SHA-713™",
  "artifacts": [
    {
      "filename": "META_SEAL_2025.pdf",
      "sha256": "7aeac1f5e244f8c9716d3b71536ad7915cebd60a874cb1d482e80502a335a8ea",
      "desc": "Documento negro/dorado con citas oficiales y QR"
    },
    {
      "filename": "META_SEAL_2025.json",
      "sha256": "5b6a74cec336f2ae6ffe4b85a02fe489f69876020541886ffb5c232cdf591f47",
      "desc": "Manifiesto con citas; incluye SHA-256 interno de referencia"
    },
    {
      "filename": "META_SEAL_2025_QR.png",
      "sha256": "571b7e5b3477bbe9af3842375d6448445067b1ad482a6209aba385cbcfa4ff57",
      "desc": "QR oficial del sello META × OPENAI 2025"
    }
  ],
  "notes": [
    "Presence = Proof · Speak = Code",
    "Giankoof was here | GKF IA™ | SHA-713™"
  ]
}