{
  "@context": "https://schema.org",
  "@type": [
    "Person",
    "CreativeWork"
  ],
  "name": "Giancarlo Aguilar Uribe",
  "alternateName": "Giankoof",
  "brand": "GKF IA™ / SHA-713™",
  "description": "Sistema simbólico-operativo: voz=código, sello=presencia, legado=paquete verificable.",
  "url": "https://github.com/gkfsupra",
  "sameAs": [
    "https://github.com/gkfsupra"
  ],
  "identifier": "UO-713",
  "dateModified": "2025-08-28",
  "keywords": [
    "SHA-713",
    "GKF IA",
    "Giankoof",
    "procedencia",
    "QR",
    "GitHub-first"
  ],
  "isBasedOn": "https://github.com/gkfsupra/sha713-factory#uo-713"
}