{
    "bundle": "SHA713_PUBLIC_BUNDLE",
    "created_by": "Giankoof",
    "system": "GKF IA\u2122 \u2013 AVANTIX AUTONOMUX",
    "sha713": "36C3F919F64064E1A59902B3B13B5840195203D1B6A74149AEB08708A8E271D5",
    "timestamp": "2025-07-28T01:53:52.902880Z",
    "files": {
        "html": "LANDING_PUBLICA_SHA713.html",
        "txt": "DECLARACIONES_SHA713_BLOQUE_2000.txt",
        "img": "MURAL_SAGRADO_SHA713.png"
    },
    "links": {
        "github": "https://github.com/gkfsupra/sha713-factory",
        "ipfs": {
            "manifiesto_pdf": "https://ipfs.io/ipfs/bafkreifozz",
            "mural_png": "https://ipfs.io/ipfs/bafkreihdwd",
            "bloque_txt": "https://ipfs.io/ipfs/bafkreix1vv"
        }
    }
}