{
  "version": "sigil-713.v0.1",
  "timestamp": "20250829_003405",
  "items": [
    {
      "key": "github",
      "url": "https://github.com/gkfsupra",
      "png": "SIGIL713_github_20250829_003405.png",
      "svg": "SIGIL713_github_20250829_003405.svg",
      "sha256": "80b2372400a2d6ee2639427e98421b84b1d5d583300bc963c8d830b3c8845e93",
      "payload": "{\"sigil\":\"SHA-713\",\"key\":\"github\",\"url\":\"https://github.com/gkfsupra\",\"timestamp\":\"20250829_003405\",\"author\":\"Giankoof · GKF IA™\",\"version\":\"v0.1\"}"
    },
    {
      "key": "giankoof_gpt",
      "url": "https://chatgpt.com/g/g-68552186a2288191bafd771f19dd4f40-giankoof-gpt-metacreador-tactico",
      "png": "SIGIL713_giankoof_gpt_20250829_003405.png",
      "svg": "SIGIL713_giankoof_gpt_20250829_003405.svg",
      "sha256": "140272bf1c7a10fb6217ac5901208992a0ca6e07a5729652b65c61229c82a38e",
      "payload": "{\"sigil\":\"SHA-713\",\"key\":\"giankoof_gpt\",\"url\":\"https://chatgpt.com/g/g-68552186a2288191bafd771f19dd4f40-giankoof-gpt-metacreador-tactico\",\"timestamp\":\"20250829_003405\",\"author\":\"Giankoof · GKF IA™\",\"version\":\"v0.1\"}"
    }
  ]
}