{
  "bundle": "SHA-713 Canonization Starter · v1.0.0",
  "created_utc": "2025-09-07T07:31:36.809016Z",
  "seal": "SHA-713",
  "files": [
    {
      "path": "VISUAL_sha713_def_es_en.png",
      "sha256": "8edba085b3aa019e31aabe2522f2aaeecc69aff9e4a9806e3f143d7a18e67462"
    },
    {
      "path": "VISUAL_sha713_presence_proof.png",
      "sha256": "888fbc9dd72bd7edce41ccb7c1f00a3eaab2431cba0d0a00ab27bc96f502a69e"
    },
    {
      "path": "VISUAL_sha713_qr_poster.png",
      "sha256": "34fa9d9bf14f8ae4d397aeac8aa4fcb82896a0f0bcf4ea812866b2e957e6b41d"
    },
    {
      "path": "INDEX-SHA713.md",
      "sha256": "e09fea2f93509de528799f4e1ad62c447712df9db79968c7560a583b20dfbb63"
    },
    {
      "path": "qr_repo.png",
      "sha256": "53a1d7bc49a031271cdfd161dfedd72bb1b940e3923689531b09dbccdace51f5"
    }
  ],
  "repo": "https://github.com/gkfsupra/sha713-factory",
  "notes": "Integrity of starter assets for public canonization (README index + visuals + QR)."
}